里,兄弟姊妹間暴力,老人保護,兒少保護,其他家虐,親密關係,各里總案件數,女,男,小於18歲,18到65歲,大於65歲,兄弟姊妹間暴力Rank,老人保護Rank,兒少保護Rank,其他家虐Rank,親密關係Rank,低收Rank,障礙Rank
臺北市萬華區和德里,4,3,8,11,39,65,75.38%,24.62%,15%,71%,14%,99.00%,79%,100%,86%,100%,100%,99%
臺北市士林區社新里,3,2,5,16,25,51,64.71%,35.29%,10%,78%,12%,87.00%,50%,94%,98%,99%,91%,0%
臺北市文山區明義里,1,2,3,19,25,50,82.00%,18.00%,6%,86%,8%,0.00%,50%,73%,100%,99%,100%,100%
臺北市內湖區五分里,3,1,6,15,24,49,75.51%,24.49%,18%,78%,4%,87.00%,0%,97%,98%,98%,97%,96%
臺北市文山區順興里,1,5,5,16,20,47,55.32%,42.55%,11%,70%,19%,0.00%,95%,94%,98%,94%,54%,0%
臺北市大同區鄰江里,3,7,2,16,19,47,68.09%,31.91%,9%,72%,19%,87.00%,99%,43%,98%,93%,94%,0%
臺北市中山區朱園里,,1,,13,30,44,70.45%,29.55%,9%,80%,11%,,0%,,94%,100%,0%,0%
臺北市北投區溫泉里,3,1,2,21,16,43,67.44%,32.56%,7%,84%,9%,87.00%,0%,43%,100%,86%,0%,1%
臺北市南港區成福里,1,1,1,10,29,42,83.33%,16.67%,2%,88%,10%,0.00%,0%,0%,82%,100%,71%,1%
臺北市北投區永和里,1,6,5,11,18,41,73.17%,26.83%,20%,73%,7%,0.00%,97%,94%,86%,91%,34%,63%
臺北市大同區雙連里,1,1,6,11,22,41,65.85%,31.71%,12%,63%,24%,0.00%,0%,97%,86%,98%,78%,0%
臺北市士林區福順里,2,1,6,13,19,41,48.78%,51.22%,12%,63%,24%,70.00%,0%,97%,94%,93%,97%,81%
臺北市士林區福華里,3,6,4,9,19,41,63.41%,31.71%,24%,61%,15%,87.00%,97%,89%,76%,93%,78%,1%
臺北市松山區吉祥里,1,4,1,13,20,39,69.23%,28.21%,8%,79%,13%,0.00%,91%,0%,94%,94%,0%,0%
臺北市中正區忠勤里,,6,1,13,19,39,69.23%,30.77%,15%,64%,21%,,97%,0%,94%,93%,97%,1%
臺北市士林區永倫里,1,2,2,13,21,39,61.54%,38.46%,10%,74%,15%,0.00%,50%,43%,94%,96%,91%,0%
臺北市松山區安平里,1,2,4,11,20,38,65.79%,34.21%,8%,82%,11%,0.00%,50%,89%,86%,94%,78%,1%
臺北市北投區關渡里,2,,2,19,15,38,71.05%,28.95%,21%,71%,8%,70.00%,,43%,100%,81%,86%,81%
臺北市北投區清江里,1,1,3,12,21,38,68.42%,28.95%,13%,79%,8%,0.00%,0%,73%,91%,96%,99%,93%
臺北市內湖區港墘里,,,1,11,26,38,60.53%,39.47%,13%,82%,5%,,,0%,86%,99%,0%,0%
臺北市士林區天玉里,,,7,6,25,38,68.42%,28.95%,3%,61%,37%,,,100%,50%,99%,71%,0%
臺北市南港區九如里,4,3,2,15,13,37,67.57%,32.43%,19%,65%,16%,99.00%,79%,43%,98%,70%,0%,0%
臺北市文山區試院里,1,7,3,10,15,36,58.33%,38.89%,8%,67%,25%,0.00%,99%,73%,82%,81%,71%,0%
臺北市內湖區樂康里,,1,2,12,21,36,63.89%,36.11%,0%,81%,19%,,0%,43%,91%,96%,86%,0%
臺北市士林區後港里,2,3,1,13,17,36,72.22%,27.78%,8%,78%,14%,70.00%,79%,0%,94%,88%,86%,63%
臺北市松山區慈祐里,,,3,9,23,35,65.71%,31.43%,6%,89%,6%,,,73%,76%,98%,54%,0%
臺北市北投區中心里,1,1,1,11,21,35,74.29%,25.71%,9%,80%,11%,0.00%,0%,0%,86%,96%,54%,1%
臺北市大安區龍生里,,1,3,8,23,35,62.86%,37.14%,20%,74%,6%,,0%,73%,70%,98%,54%,0%
臺北市士林區芝山里,,3,1,13,18,35,82.86%,17.14%,6%,91%,3%,,79%,0%,94%,91%,34%,63%
臺北市松山區復盛里,3,,2,12,17,34,64.71%,32.35%,6%,71%,24%,87.00%,,43%,91%,88%,0%,0%
臺北市松山區莊敬里,1,7,,14,12,34,79.41%,20.59%,12%,79%,9%,0.00%,99%,,97%,64%,78%,0%
臺北市內湖區瑞陽里,4,4,2,8,16,34,82.35%,14.71%,15%,76%,9%,99.00%,91%,43%,70%,86%,54%,1%
臺北市中山區晴光里,2,2,3,6,21,34,76.47%,23.53%,24%,71%,6%,70.00%,50%,73%,50%,96%,54%,81%
臺北市士林區社園里,,2,6,13,13,34,76.47%,23.53%,6%,71%,24%,,50%,97%,94%,70%,91%,0%
臺北市士林區明勝里,,1,2,14,17,34,41.18%,58.82%,6%,74%,21%,,0%,43%,97%,88%,94%,81%
臺北市萬華區華江里,1,6,3,9,14,33,72.73%,27.27%,15%,73%,12%,0.00%,97%,73%,76%,76%,86%,0%
臺北市信義區泰和里,1,3,2,13,14,33,63.64%,33.33%,6%,73%,21%,0.00%,79%,43%,94%,76%,71%,63%
臺北市文山區興旺里,1,2,1,12,17,33,69.70%,30.30%,6%,58%,36%,0.00%,50%,0%,91%,88%,34%,0%
臺北市文山區木新里,3,5,1,13,11,33,63.64%,36.36%,3%,73%,24%,87.00%,95%,0%,94%,55%,0%,0%
臺北市信義區三張里,3,1,6,10,12,32,59.38%,40.63%,6%,78%,16%,87.00%,0%,97%,82%,64%,34%,1%
臺北市松山區民福里,1,2,2,12,15,32,59.38%,40.63%,13%,75%,13%,0.00%,50%,43%,91%,81%,91%,1%
臺北市文山區萬美里,1,7,2,9,13,32,68.75%,25.00%,0%,97%,3%,0.00%,99%,43%,76%,70%,86%,96%
臺北市文山區萬芳里,4,2,5,9,12,32,65.63%,34.38%,6%,88%,6%,99.00%,50%,94%,76%,64%,86%,63%
臺北市內湖區港富里,3,,2,12,15,32,75.00%,21.88%,13%,75%,13%,87.00%,,43%,91%,81%,0%,0%
臺北市內湖區西康里,1,,1,10,20,32,56.25%,43.75%,22%,72%,6%,0.00%,,0%,82%,94%,0%,1%
臺北市大同區星明里,,2,3,12,15,32,59.38%,40.63%,3%,75%,22%,,50%,73%,91%,81%,71%,1%
臺北市大同區至聖里,1,2,2,11,16,32,75.00%,21.88%,9%,75%,16%,0.00%,50%,43%,86%,86%,71%,63%
臺北市南港區舊莊里,1,,2,5,23,31,67.74%,32.26%,10%,77%,13%,0.00%,,43%,39%,98%,78%,0%
臺北市信義區中行里,2,1,1,18,9,31,70.97%,29.03%,6%,84%,10%,70.00%,0%,0%,99%,42%,54%,0%
臺北市文山區華興里,1,2,3,9,16,31,64.52%,35.48%,6%,90%,3%,0.00%,50%,73%,76%,86%,78%,0%
臺北市內湖區葫洲里,,1,1,11,18,31,61.29%,35.48%,16%,74%,10%,,0%,0%,86%,91%,34%,0%
臺北市內湖區安泰里,,4,5,6,16,31,74.19%,25.81%,23%,65%,13%,,91%,94%,50%,86%,97%,63%
臺北市中山區劍潭里,1,2,4,10,14,31,64.52%,35.48%,3%,84%,13%,0.00%,50%,89%,82%,76%,34%,0%
臺北市中山區中山里,1,1,2,6,21,31,74.19%,25.81%,0%,87%,13%,0.00%,0%,43%,50%,96%,34%,0%
臺北市大同區南芳里,2,,2,9,18,31,77.42%,22.58%,3%,77%,19%,70.00%,,43%,76%,91%,97%,99%
臺北市萬華區興德里,,3,,9,18,30,73.33%,26.67%,7%,77%,17%,,79%,,76%,91%,91%,1%
臺北市信義區松友里,1,2,1,12,14,30,76.67%,23.33%,10%,80%,10%,0.00%,50%,0%,91%,76%,54%,0%
臺北市松山區東光里,,1,2,6,21,30,73.33%,23.33%,10%,80%,10%,,0%,43%,50%,96%,91%,81%
臺北市北投區開明里,1,2,2,15,10,30,63.33%,33.33%,23%,73%,3%,0.00%,50%,43%,98%,49%,54%,81%
臺北市北投區一德里,3,,3,12,12,30,76.67%,20.00%,7%,63%,30%,87.00%,,73%,91%,64%,54%,81%
臺北市內湖區港華里,1,1,1,11,16,30,70.00%,30.00%,7%,87%,7%,0.00%,0%,0%,86%,86%,0%,1%
臺北市內湖區清白里,1,,1,7,21,30,50.00%,50.00%,3%,70%,27%,0.00%,,0%,59%,96%,71%,93%
臺北市大安區通安里,1,,6,7,16,30,60.00%,36.67%,10%,80%,10%,0.00%,,97%,59%,86%,0%,0%
臺北市大同區玉泉里,1,2,1,13,13,30,70.00%,30.00%,7%,93%,0%,0.00%,50%,0%,94%,70%,0%,0%
臺北市南港區合成里,2,2,2,8,15,29,68.97%,31.03%,10%,76%,14%,70.00%,50%,43%,70%,81%,0%,0%
臺北市北投區榮華里,,2,3,7,17,29,79.31%,13.79%,3%,59%,38%,,50%,73%,59%,88%,0%,0%
臺北市北投區振華里,3,1,,11,14,29,79.31%,20.69%,21%,59%,21%,87.00%,0%,,86%,76%,34%,1%
臺北市文山區興福里,,2,4,9,14,29,72.41%,27.59%,21%,66%,14%,,50%,89%,76%,76%,34%,1%
臺北市內湖區紫星里,1,7,1,5,15,29,72.41%,27.59%,7%,66%,28%,0.00%,99%,0%,39%,81%,0%,0%
臺北市內湖區西湖里,,1,3,15,10,29,75.86%,24.14%,7%,79%,14%,,0%,73%,98%,49%,0%,1%
臺北市大同區延平里,2,1,,7,19,29,62.07%,37.93%,14%,83%,3%,70.00%,0%,,59%,93%,54%,81%
臺北市士林區舊佳里,1,4,2,11,11,29,68.97%,31.03%,31%,69%,0%,0.00%,91%,43%,86%,55%,0%,0%
臺北市士林區名山里,,,3,11,15,29,68.97%,31.03%,14%,76%,10%,,,73%,86%,81%,0%,0%
臺北市士林區天和里,1,2,2,7,17,29,44.83%,55.17%,14%,76%,10%,0.00%,50%,43%,59%,88%,95%,96%
臺北市萬華區錦德里,,2,3,9,14,28,60.71%,35.71%,18%,61%,21%,,50%,73%,76%,76%,71%,1%
臺北市萬華區壽德里,1,,1,9,17,28,60.71%,39.29%,21%,61%,18%,0.00%,,0%,76%,88%,78%,63%
臺北市萬華區頂碩里,,,,11,17,28,71.43%,28.57%,7%,89%,4%,,,,86%,88%,34%,0%
臺北市南港區東新里,,1,3,9,15,28,60.71%,39.29%,21%,54%,25%,,0%,73%,76%,81%,54%,63%
臺北市信義區黎平里,,3,2,8,15,28,67.86%,32.14%,7%,93%,0%,,79%,43%,70%,81%,34%,0%
臺北市中山區圓山里,1,,,7,20,28,75.00%,21.43%,7%,86%,7%,0.00%,,,59%,94%,0%,0%
臺北市士林區福安里,,1,1,12,14,28,57.14%,42.86%,7%,79%,14%,,0%,0%,91%,76%,78%,0%
臺北市士林區社子里,3,2,2,13,8,28,89.29%,10.71%,0%,89%,11%,87.00%,50%,43%,94%,34%,95%,81%
臺北市萬華區日善里,1,2,5,10,9,27,66.67%,33.33%,11%,63%,26%,0.00%,50%,94%,82%,42%,78%,1%
臺北市北投區奇岩里,2,,3,9,13,27,59.26%,40.74%,22%,70%,7%,70.00%,,73%,76%,70%,91%,1%
臺北市北投區中央里,2,,4,10,11,27,88.89%,11.11%,7%,81%,11%,70.00%,,89%,82%,55%,78%,1%
臺北市內湖區湖興里,1,2,1,3,20,27,51.85%,48.15%,26%,63%,11%,0.00%,50%,0%,16%,94%,0%,0%
臺北市中山區集英里,,3,2,10,12,27,70.37%,22.22%,7%,81%,11%,,79%,43%,82%,64%,54%,0%
臺北市中山區康樂里,1,2,1,5,18,27,70.37%,29.63%,11%,85%,4%,0.00%,50%,0%,39%,91%,34%,0%
臺北市中山區行仁里,,1,1,10,15,27,62.96%,37.04%,7%,85%,7%,,0%,0%,82%,81%,0%,0%
臺北市大同區隆和里,3,2,2,6,14,27,70.37%,29.63%,4%,89%,7%,87.00%,50%,43%,50%,76%,86%,0%
臺北市萬華區福星里,,,1,8,17,26,80.77%,19.23%,8%,81%,12%,,,0%,70%,88%,54%,1%
臺北市信義區景聯里,1,1,3,7,14,26,61.54%,34.62%,8%,69%,23%,0.00%,0%,73%,59%,76%,0%,0%
臺北市松山區自強里,2,1,2,11,10,26,73.08%,26.92%,8%,92%,0%,70.00%,0%,43%,86%,49%,54%,1%
臺北市北投區桃源里,1,,2,8,15,26,73.08%,26.92%,4%,69%,27%,0.00%,,43%,70%,81%,34%,0%
臺北市北投區長安里,,2,1,11,12,26,57.69%,42.31%,12%,77%,12%,,50%,0%,86%,64%,99%,0%
臺北市文山區興家里,3,,1,5,17,26,73.08%,26.92%,12%,77%,12%,87.00%,,0%,39%,88%,71%,1%
臺北市文山區興光里,,,1,8,17,26,80.77%,19.23%,4%,88%,8%,,,0%,70%,88%,86%,1%
臺北市文山區博嘉里,1,,2,11,12,26,61.54%,38.46%,15%,85%,0%,0.00%,,43%,86%,64%,78%,63%
臺北市文山區明興里,,,3,10,13,26,73.08%,26.92%,8%,81%,12%,,,73%,82%,70%,91%,1%
臺北市內湖區湖元里,,,2,10,14,26,73.08%,26.92%,4%,92%,4%,,,43%,82%,76%,0%,0%
臺北市內湖區安湖里,1,,1,6,18,26,80.77%,19.23%,15%,73%,12%,0.00%,,0%,50%,91%,0%,0%
臺北市內湖區內湖里,,,1,13,12,26,73.08%,26.92%,4%,85%,12%,,,0%,94%,64%,0%,0%
臺北市大安區臨江里,1,2,1,10,12,26,42.31%,57.69%,4%,81%,15%,0.00%,50%,0%,82%,64%,0%,0%
臺北市大安區義安里,,4,,10,12,26,57.69%,42.31%,12%,88%,0%,,91%,,82%,64%,0%,0%
臺北市大安區光武里,,2,2,7,15,26,69.23%,30.77%,12%,73%,15%,,50%,43%,59%,81%,54%,0%
臺北市大同區斯文里,2,,,9,15,26,65.38%,34.62%,12%,81%,8%,70.00%,,,76%,81%,0%,0%
臺北市士林區福佳里,1,1,1,10,13,26,80.77%,19.23%,19%,65%,15%,0.00%,0%,0%,82%,70%,71%,81%
臺北市萬華區萬壽里,,,3,2,20,25,72.00%,28.00%,8%,60%,32%,,,73%,7%,94%,34%,63%
臺北市萬華區新和里,1,2,2,8,12,25,60.00%,40.00%,12%,80%,8%,0.00%,50%,43%,70%,64%,0%,1%
臺北市南港區西新里,,,4,8,13,25,68.00%,32.00%,8%,56%,36%,,,89%,70%,70%,71%,1%
臺北市南港區百福里,1,2,2,7,13,25,80.00%,16.00%,12%,68%,20%,0.00%,50%,43%,59%,70%,71%,0%
臺北市信義區六合里,1,3,2,10,9,25,60.00%,40.00%,24%,68%,8%,0.00%,79%,43%,82%,42%,54%,0%
臺北市信義區大道里,3,5,2,7,8,25,80.00%,20.00%,0%,84%,16%,87.00%,95%,43%,59%,34%,78%,81%
臺北市北投區裕民里,1,2,1,6,15,25,64.00%,36.00%,20%,72%,8%,0.00%,50%,0%,50%,81%,54%,0%
臺北市北投區智仁里,,,1,10,14,25,40.00%,60.00%,20%,64%,16%,,,0%,82%,76%,86%,1%
臺北市文山區興豐里,,,1,13,11,25,68.00%,28.00%,12%,68%,20%,,,0%,94%,55%,34%,63%
臺北市文山區興得里,1,,,8,16,25,76.00%,24.00%,8%,84%,8%,0.00%,,,70%,86%,34%,0%
臺北市文山區樟文里,,1,3,8,13,25,76.00%,24.00%,16%,72%,12%,,0%,73%,70%,70%,97%,0%
臺北市文山區萬興里,2,3,6,7,7,25,64.00%,36.00%,16%,80%,4%,70.00%,79%,97%,59%,27%,0%,0%
臺北市文山區萬祥里,1,2,3,9,10,25,72.00%,28.00%,16%,72%,12%,0.00%,50%,73%,76%,49%,78%,1%
臺北市文山區指南里,,2,3,11,9,25,56.00%,44.00%,8%,80%,12%,,50%,73%,86%,42%,54%,1%
臺北市文山區木柵里,2,1,3,11,8,25,64.00%,36.00%,12%,80%,8%,70.00%,0%,73%,86%,34%,0%,0%
臺北市中山區新庄里,3,,2,11,9,25,76.00%,24.00%,16%,72%,12%,87.00%,,43%,86%,42%,0%,0%
臺北市中山區大直里,3,,3,6,13,25,68.00%,32.00%,32%,56%,12%,87.00%,,73%,50%,70%,0%,0%
臺北市大同區永樂里,1,1,3,10,10,25,72.00%,28.00%,8%,72%,20%,0.00%,0%,73%,82%,49%,0%,0%
臺北市萬華區綠堤里,,2,4,7,11,24,66.67%,33.33%,4%,92%,4%,,50%,89%,59%,55%,86%,0%
臺北市萬華區新安里,2,1,2,7,12,24,79.17%,20.83%,29%,54%,17%,70.00%,0%,43%,59%,64%,95%,1%
臺北市萬華區和平里,,1,1,9,13,24,66.67%,33.33%,33%,63%,4%,,0%,0%,76%,70%,86%,81%
臺北市信義區雙和里,1,1,1,7,14,24,79.17%,20.83%,0%,92%,8%,0.00%,0%,0%,59%,76%,0%,1%
臺北市信義區長春里,3,2,1,4,14,24,75.00%,25.00%,8%,79%,13%,87.00%,50%,0%,30%,76%,54%,63%
臺北市北投區大同里,,1,2,8,13,24,66.67%,33.33%,4%,79%,17%,,0%,43%,70%,70%,78%,1%
臺北市內湖區紫雲里,,4,1,6,13,24,58.33%,41.67%,4%,71%,25%,,91%,0%,50%,70%,0%,0%
臺北市內湖區湖濱里,2,1,,5,16,24,62.50%,37.50%,8%,88%,4%,70.00%,0%,,39%,86%,0%,0%
臺北市內湖區康寧里,1,2,3,8,10,24,66.67%,33.33%,25%,67%,8%,0.00%,50%,73%,70%,49%,91%,0%
臺北市內湖區東湖里,1,1,1,5,16,24,70.83%,29.17%,0%,83%,17%,0.00%,0%,0%,39%,86%,34%,0%
臺北市中山區正義里,,1,3,5,15,24,79.17%,20.83%,8%,79%,13%,,0%,73%,39%,81%,34%,1%
臺北市中山區下埤里,,1,4,7,12,24,79.17%,20.83%,4%,88%,8%,,0%,89%,59%,64%,0%,0%
臺北市大安區通化里,,,3,3,18,24,75.00%,25.00%,21%,75%,4%,,,73%,16%,91%,34%,0%
臺北市士林區福中里,1,2,,8,13,24,70.83%,29.17%,13%,75%,13%,0.00%,50%,,70%,70%,0%,0%
臺北市士林區葫蘆里,1,1,2,5,15,24,54.17%,45.83%,8%,71%,21%,0.00%,0%,43%,39%,81%,94%,96%
臺北市士林區聖山里,1,,,12,11,24,45.83%,54.17%,8%,71%,21%,0.00%,,,91%,55%,0%,0%
臺北市士林區天祿里,,2,1,7,14,24,87.50%,12.50%,13%,79%,8%,,50%,0%,59%,76%,0%,1%
臺北市信義區永春里,,2,,12,9,23,73.91%,26.09%,13%,74%,13%,,50%,,91%,42%,0%,0%
臺北市信義區四育里,,,1,10,12,23,86.96%,13.04%,13%,83%,4%,,,0%,82%,64%,0%,0%
臺北市松山區東榮里,1,1,5,9,7,23,69.57%,21.74%,4%,83%,13%,0.00%,0%,94%,76%,27%,0%,0%
臺北市文山區樟腳里,3,2,4,9,5,23,73.91%,26.09%,13%,74%,13%,87.00%,50%,89%,76%,14%,34%,0%
臺北市內湖區碧山里,1,2,1,7,12,23,69.57%,30.43%,0%,87%,13%,0.00%,50%,0%,59%,64%,0%,1%
臺北市中山區金泰里,1,2,2,3,15,23,73.91%,26.09%,22%,70%,9%,0.00%,50%,43%,16%,81%,0%,0%
臺北市大安區建安里,,,1,8,14,23,82.61%,17.39%,9%,83%,9%,,,0%,70%,76%,0%,0%
臺北市大同區大有里,3,1,3,7,9,23,73.91%,26.09%,4%,78%,17%,87.00%,0%,73%,59%,42%,0%,0%
臺北市士林區葫東里,2,1,3,6,11,23,65.22%,34.78%,17%,70%,13%,70.00%,0%,73%,50%,55%,86%,63%
臺北市士林區天母里,,1,3,7,12,23,78.26%,21.74%,22%,74%,4%,,0%,73%,59%,64%,0%,0%
臺北市萬華區華中里,1,2,2,6,11,22,59.09%,40.91%,18%,59%,23%,0.00%,50%,43%,50%,55%,71%,0%
臺北市萬華區忠貞里,,2,4,4,12,22,59.09%,40.91%,0%,68%,32%,,50%,89%,30%,64%,91%,81%
臺北市南港區聯成里,,1,,10,11,22,77.27%,22.73%,14%,68%,18%,,0%,,82%,55%,34%,0%
臺北市南港區三重里,1,,1,5,15,22,63.64%,36.36%,5%,91%,5%,0.00%,,0%,39%,81%,0%,0%
臺北市信義區雅祥里,1,,2,8,11,22,59.09%,40.91%,0%,86%,14%,0.00%,,43%,70%,55%,0%,1%
臺北市松山區新東里,1,,2,8,11,22,54.55%,45.45%,18%,64%,18%,0.00%,,43%,70%,55%,0%,0%
臺北市松山區富泰里,,3,1,8,10,22,63.64%,27.27%,9%,50%,41%,,79%,0%,70%,49%,0%,1%
臺北市松山區中正里,,1,1,5,15,22,63.64%,31.82%,9%,77%,14%,,0%,0%,39%,81%,0%,0%
臺北市文山區興邦里,,6,1,5,10,22,81.82%,18.18%,18%,73%,9%,,97%,0%,39%,49%,78%,0%
臺北市文山區萬隆里,1,,2,8,11,22,50.00%,45.45%,18%,77%,5%,0.00%,,43%,70%,55%,54%,0%
臺北市中山區中原里,3,1,1,6,11,22,77.27%,18.18%,5%,86%,9%,87.00%,0%,0%,50%,55%,54%,0%
臺北市大安區仁愛里,1,4,,7,10,22,45.45%,50.00%,18%,59%,23%,0.00%,91%,,59%,49%,0%,0%
臺北市大同區蓬萊里,,1,3,7,11,22,72.73%,27.27%,9%,77%,14%,,0%,73%,59%,55%,34%,0%
臺北市大同區國慶里,,1,1,16,4,22,72.73%,27.27%,9%,86%,5%,,0%,0%,98%,8%,54%,0%
臺北市士林區蘭興里,1,,1,11,9,22,90.91%,9.09%,5%,77%,18%,0.00%,,0%,86%,42%,0%,0%
臺北市士林區富光里,,3,4,7,8,22,63.64%,36.36%,5%,77%,18%,,79%,89%,59%,34%,54%,1%
臺北市士林區天山里,1,2,1,7,11,22,81.82%,18.18%,18%,82%,0%,0.00%,50%,0%,59%,55%,0%,0%
臺北市萬華區菜園里,2,,3,4,12,21,95.24%,0.00%,5%,67%,29%,70.00%,,73%,30%,64%,54%,0%
臺北市萬華區青山里,,3,1,3,14,21,66.67%,33.33%,24%,76%,0%,,79%,0%,16%,76%,54%,0%
臺北市萬華區全德里,,,,8,13,21,66.67%,33.33%,14%,76%,10%,,,,70%,70%,0%,0%
臺北市南港區玉成里,,,6,5,10,21,42.86%,57.14%,14%,86%,0%,,,97%,39%,49%,71%,63%
臺北市南港區中南里,1,,1,12,7,21,85.71%,9.52%,10%,86%,5%,0.00%,,0%,91%,27%,0%,0%
臺北市信義區興雅里,1,2,,4,14,21,71.43%,28.57%,10%,81%,10%,0.00%,50%,,30%,76%,0%,0%
臺北市松山區龍田里,,1,1,6,13,21,76.19%,23.81%,19%,62%,19%,,0%,0%,50%,70%,0%,1%
臺北市北投區榮光里,2,2,1,4,12,21,66.67%,33.33%,10%,81%,10%,70.00%,50%,0%,30%,64%,0%,1%
臺北市文山區興昌里,,1,1,6,13,21,52.38%,47.62%,10%,71%,19%,,0%,0%,50%,70%,0%,1%
臺北市文山區樟新里,,,3,7,11,21,71.43%,23.81%,10%,86%,5%,,,73%,59%,55%,54%,1%
臺北市文山區景慶里,,,3,7,11,21,66.67%,28.57%,5%,90%,5%,,,73%,59%,55%,0%,0%
臺北市文山區景行里,,3,2,3,13,21,71.43%,23.81%,0%,86%,14%,,79%,43%,16%,70%,0%,0%
臺北市內湖區紫陽里,,3,,5,13,21,80.95%,19.05%,10%,62%,29%,,79%,,39%,70%,0%,0%
臺北市內湖區金龍里,,,2,4,15,21,71.43%,28.57%,10%,76%,14%,,,43%,30%,81%,78%,63%
臺北市內湖區金瑞里,3,1,1,6,10,21,61.90%,38.10%,19%,81%,0%,87.00%,0%,0%,50%,49%,0%,0%
臺北市內湖區行善里,1,3,2,4,11,21,57.14%,42.86%,29%,71%,0%,0.00%,79%,43%,30%,55%,0%,1%
臺北市內湖區石潭里,1,,2,3,15,21,76.19%,23.81%,14%,62%,24%,0.00%,,43%,16%,81%,0%,0%
臺北市中山區永安里,,1,2,7,11,21,71.43%,28.57%,29%,62%,10%,,0%,43%,59%,55%,78%,0%
臺北市大安區光信里,1,,5,4,11,21,52.38%,38.10%,24%,67%,10%,0.00%,,94%,30%,55%,78%,81%
臺北市大同區建明里,,3,,10,8,21,66.67%,33.33%,5%,90%,5%,,79%,,82%,34%,0%,0%
臺北市大同區民權里,3,1,2,3,12,21,61.90%,38.10%,0%,67%,33%,87.00%,0%,43%,16%,64%,54%,0%
臺北市萬華區忠德里,,,3,7,10,20,80.00%,20.00%,5%,75%,20%,,,73%,59%,49%,97%,81%
臺北市萬華區孝德里,1,1,,7,11,20,80.00%,20.00%,5%,90%,5%,0.00%,0%,,59%,55%,54%,0%
臺北市南港區南港里,1,3,1,4,11,20,70.00%,30.00%,0%,75%,25%,0.00%,79%,0%,30%,55%,34%,0%
臺北市南港區東明里,1,,,13,6,20,60.00%,40.00%,20%,70%,10%,0.00%,,,94%,20%,0%,1%
臺北市信義區景新里,,,1,8,11,20,65.00%,35.00%,10%,80%,10%,,,0%,70%,55%,0%,0%
臺北市信義區敦厚里,1,1,1,3,14,20,65.00%,35.00%,15%,75%,10%,0.00%,0%,0%,16%,76%,0%,0%
臺北市信義區國業里,,1,2,4,13,20,75.00%,25.00%,5%,90%,5%,,0%,43%,30%,70%,0%,0%
臺北市信義區安康里,,3,1,7,9,20,75.00%,20.00%,20%,60%,20%,,79%,0%,59%,42%,0%,0%
臺北市信義區三犁里,1,,3,5,11,20,85.00%,15.00%,15%,75%,10%,0.00%,,73%,39%,55%,78%,0%
臺北市松山區吉仁里,1,1,,7,11,20,70.00%,30.00%,5%,85%,10%,0.00%,0%,,59%,55%,0%,0%
臺北市中正區南福里,,2,1,3,14,20,85.00%,15.00%,5%,90%,5%,,50%,0%,16%,76%,34%,0%
臺北市中正區林興里,,2,1,7,10,20,85.00%,15.00%,15%,70%,15%,,50%,0%,59%,49%,0%,0%
臺北市中正區永功里,1,1,2,8,8,20,80.00%,20.00%,0%,95%,5%,0.00%,0%,43%,70%,34%,0%,1%
臺北市中山區朱馥里,,,5,2,13,20,70.00%,30.00%,25%,75%,0%,,,94%,7%,70%,34%,1%
臺北市中山區正得里,,,,1,19,20,55.00%,45.00%,5%,45%,50%,,,,0%,93%,0%,0%
臺北市大安區黎元里,,3,1,9,7,20,85.00%,15.00%,10%,65%,25%,,79%,0%,76%,27%,54%,0%
臺北市大安區大學里,3,1,1,6,9,20,85.00%,15.00%,20%,75%,5%,87.00%,0%,0%,50%,42%,0%,0%
臺北市大同區老師里,,1,,8,11,20,80.00%,20.00%,10%,60%,30%,,0%,,70%,55%,54%,63%
臺北市士林區前港里,1,1,1,5,12,20,70.00%,30.00%,0%,95%,5%,0.00%,0%,0%,39%,64%,54%,0%
臺北市士林區忠誠里,1,4,1,5,9,20,60.00%,40.00%,15%,80%,5%,0.00%,91%,0%,39%,42%,34%,0%
臺北市信義區廣居里,,2,1,8,8,19,73.68%,26.32%,5%,84%,11%,,50%,0%,70%,34%,0%,0%
臺北市松山區新聚里,,,,4,15,19,63.16%,36.84%,5%,89%,5%,,,,30%,81%,0%,0%
臺北市北投區立農里,1,2,1,7,8,19,63.16%,36.84%,21%,68%,11%,0.00%,50%,0%,59%,34%,54%,0%
臺北市北投區永欣里,1,,1,6,11,19,84.21%,15.79%,0%,100%,0%,0.00%,,0%,50%,55%,34%,63%
臺北市內湖區寶湖里,,,2,4,13,19,52.63%,47.37%,16%,84%,0%,,,43%,30%,70%,54%,0%
臺北市中山區新福里,,1,2,7,9,19,73.68%,26.32%,5%,74%,21%,,0%,43%,59%,42%,0%,0%
臺北市大安區黎和里,,,,2,17,19,89.47%,10.53%,0%,79%,21%,,,,7%,88%,34%,63%
臺北市大安區群賢里,,2,,3,14,19,73.68%,26.32%,5%,89%,5%,,50%,,16%,76%,34%,1%
臺北市大同區保安里,,,2,9,8,19,89.47%,10.53%,11%,89%,0%,,,43%,76%,34%,54%,1%
臺北市士林區蘭雅里,,,2,1,16,19,68.42%,31.58%,5%,79%,16%,,,43%,0%,86%,0%,0%
臺北市士林區富洲里,1,,2,7,9,19,57.89%,42.11%,11%,79%,11%,0.00%,,43%,59%,42%,86%,0%
臺北市萬華區雙園里,2,,2,5,9,18,55.56%,38.89%,11%,78%,11%,70.00%,,43%,39%,42%,54%,63%
臺北市萬華區銘德里,2,1,2,5,8,18,66.67%,27.78%,0%,100%,0%,70.00%,0%,43%,39%,34%,34%,0%
臺北市萬華區富福里,,,2,5,11,18,83.33%,16.67%,11%,56%,33%,,,43%,39%,55%,0%,0%
臺北市萬華區富民里,1,,,5,12,18,61.11%,38.89%,0%,100%,0%,0.00%,,,39%,64%,0%,0%
臺北市萬華區柳鄉里,1,3,2,5,7,18,72.22%,27.78%,6%,72%,22%,0.00%,79%,43%,39%,27%,54%,63%
臺北市萬華區日祥里,,5,1,3,9,18,44.44%,50.00%,11%,89%,0%,,95%,0%,16%,42%,34%,1%
臺北市南港區新富里,1,2,2,3,10,18,72.22%,27.78%,6%,72%,22%,0.00%,50%,43%,16%,49%,0%,0%
臺北市南港區中研里,1,3,1,3,10,18,61.11%,27.78%,33%,50%,17%,0.00%,79%,0%,16%,49%,0%,1%
臺北市信義區惠安里,,,1,9,8,18,61.11%,38.89%,11%,72%,17%,,,0%,76%,34%,0%,0%
臺北市信義區五全里,,1,2,3,12,18,77.78%,22.22%,0%,94%,6%,,0%,43%,16%,64%,0%,0%
臺北市信義區大仁里,1,2,2,7,6,18,66.67%,33.33%,17%,67%,17%,0.00%,50%,43%,59%,20%,0%,0%
臺北市松山區三民里,1,1,,5,11,18,77.78%,22.22%,11%,61%,28%,0.00%,0%,,39%,55%,0%,0%
臺北市北投區林泉里,1,1,2,7,7,18,88.89%,5.56%,11%,72%,17%,0.00%,0%,43%,59%,27%,34%,0%
臺北市北投區中庸里,1,4,,1,12,18,94.44%,5.56%,11%,67%,22%,0.00%,91%,,0%,64%,71%,1%
臺北市北投區八仙里,1,3,5,4,5,18,77.78%,22.22%,0%,78%,22%,0.00%,79%,94%,30%,14%,34%,0%
臺北市文山區興業里,2,,,5,11,18,66.67%,33.33%,11%,67%,22%,70.00%,,,39%,55%,34%,0%
臺北市文山區興安里,2,1,,7,8,18,77.78%,22.22%,0%,89%,11%,70.00%,0%,,59%,34%,34%,1%
臺北市文山區景華里,2,2,1,6,7,18,77.78%,22.22%,0%,78%,22%,70.00%,50%,0%,50%,27%,86%,63%
臺北市文山區景東里,,1,1,8,8,18,72.22%,27.78%,6%,78%,17%,,0%,0%,70%,34%,0%,0%
臺北市內湖區週美里,,1,1,6,10,18,88.89%,11.11%,6%,78%,17%,,0%,0%,50%,49%,0%,0%
臺北市內湖區金湖里,,2,1,1,14,18,72.22%,22.22%,11%,67%,22%,,50%,0%,0%,76%,0%,0%
臺北市中正區螢圃里,1,1,1,6,9,18,77.78%,16.67%,0%,83%,17%,0.00%,0%,0%,50%,42%,54%,1%
臺北市中正區板溪里,,4,,6,8,18,83.33%,16.67%,11%,72%,17%,,91%,,50%,34%,0%,0%
臺北市中山區江寧里,,1,,7,10,18,72.22%,27.78%,17%,61%,22%,,0%,,59%,49%,0%,0%
臺北市中山區民安里,2,,2,6,8,18,83.33%,11.11%,0%,89%,11%,70.00%,,43%,50%,34%,0%,0%
臺北市中山區中庄里,1,1,3,4,9,18,55.56%,38.89%,11%,78%,11%,0.00%,0%,73%,30%,42%,0%,0%
臺北市大安區龍圖里,1,1,,7,9,18,61.11%,38.89%,22%,72%,6%,0.00%,0%,,59%,42%,0%,0%
臺北市大安區芳和里,1,1,1,6,9,18,61.11%,33.33%,11%,67%,22%,0.00%,0%,0%,50%,42%,0%,0%
臺北市大安區民輝里,,1,1,2,14,18,72.22%,27.78%,17%,61%,22%,,0%,0%,7%,76%,34%,0%
臺北市大安區民炤里,,2,3,2,11,18,77.78%,22.22%,11%,50%,39%,,50%,73%,7%,55%,0%,0%
臺北市大同區國順里,2,1,3,7,5,18,77.78%,22.22%,6%,67%,28%,70.00%,0%,73%,59%,14%,95%,93%
臺北市士林區福志里,,1,,6,11,18,66.67%,27.78%,17%,72%,11%,,0%,,50%,55%,0%,0%
臺北市萬華區新起里,,,1,3,13,17,64.71%,35.29%,6%,65%,29%,,,0%,16%,70%,0%,0%
臺北市南港區仁福里,,2,2,3,10,17,70.59%,29.41%,6%,82%,12%,,50%,43%,16%,49%,54%,1%
臺北市信義區景勤里,,2,1,8,6,17,88.24%,11.76%,12%,71%,18%,,50%,0%,70%,20%,78%,0%
臺北市信義區富台里,,1,4,6,6,17,52.94%,47.06%,18%,71%,12%,,0%,89%,50%,20%,0%,0%
臺北市信義區正和里,,3,,3,11,17,88.24%,11.76%,29%,65%,6%,,79%,,16%,55%,0%,0%
臺北市信義區五常里,,1,2,3,11,17,64.71%,35.29%,18%,82%,0%,,0%,43%,16%,55%,0%,0%
臺北市松山區介壽里,1,,,2,14,17,82.35%,17.65%,12%,76%,12%,0.00%,,,7%,76%,0%,0%
臺北市文山區樟樹里,,1,2,4,10,17,52.94%,47.06%,29%,59%,12%,,0%,43%,30%,49%,71%,1%
臺北市內湖區瑞光里,,1,2,1,13,17,76.47%,23.53%,24%,53%,24%,,0%,43%,0%,70%,34%,0%
臺北市中正區文北里,1,1,3,3,9,17,70.59%,29.41%,0%,71%,29%,0.00%,0%,73%,16%,42%,0%,0%
臺北市中山區聚盛里,,,1,3,13,17,100.00%,0.00%,6%,94%,0%,,,0%,16%,70%,71%,63%
臺北市中山區新喜里,1,2,3,6,5,17,70.59%,29.41%,18%,59%,24%,0.00%,50%,73%,50%,14%,0%,0%
臺北市中山區行孝里,1,,3,6,7,17,52.94%,47.06%,18%,76%,6%,0.00%,,73%,50%,27%,0%,0%
臺北市大安區龍淵里,,1,1,6,9,17,70.59%,29.41%,12%,76%,12%,,0%,0%,50%,42%,0%,0%
臺北市大安區誠安里,,,2,3,12,17,88.24%,11.76%,12%,71%,18%,,,43%,16%,64%,34%,0%
臺北市大安區新龍里,,4,1,2,10,17,70.59%,29.41%,6%,94%,0%,,91%,0%,7%,49%,0%,0%
臺北市大安區和安里,,2,3,1,11,17,64.71%,35.29%,12%,76%,12%,,50%,73%,0%,55%,0%,0%
臺北市大安區全安里,,,1,3,13,17,70.59%,29.41%,18%,71%,12%,,,0%,16%,70%,0%,0%
臺北市大同區朝陽里,,1,2,6,8,17,64.71%,35.29%,12%,71%,18%,,0%,43%,50%,34%,0%,1%
臺北市信義區黎忠里,1,1,,5,9,16,68.75%,31.25%,25%,69%,6%,0.00%,0%,,39%,42%,78%,1%
臺北市信義區中坡里,,,3,6,7,16,62.50%,31.25%,0%,94%,6%,,,73%,50%,27%,54%,1%
臺北市松山區新益里,1,1,1,7,6,16,68.75%,25.00%,13%,81%,6%,0.00%,0%,0%,59%,20%,71%,93%
臺北市松山區復勢里,1,3,2,2,8,16,56.25%,43.75%,19%,75%,6%,0.00%,79%,43%,7%,34%,0%,0%
臺北市文山區忠順里,,3,,2,11,16,75.00%,25.00%,6%,88%,6%,,79%,,7%,55%,0%,1%
臺北市內湖區港都里,,1,,5,10,16,62.50%,37.50%,13%,75%,13%,,0%,,39%,49%,54%,0%
臺北市中正區文祥里,2,,3,3,8,16,87.50%,12.50%,6%,88%,6%,70.00%,,73%,16%,34%,34%,1%
臺北市中山區江山里,,1,,9,6,16,56.25%,43.75%,25%,75%,0%,,0%,,76%,20%,0%,0%
臺北市中山區成功里,,,1,7,8,16,68.75%,31.25%,0%,75%,25%,,,0%,59%,34%,0%,0%
臺北市中山區中央里,1,,,5,10,16,87.50%,12.50%,13%,56%,31%,0.00%,,,39%,49%,0%,0%
臺北市大安區義村里,1,,,5,10,16,56.25%,37.50%,13%,75%,13%,0.00%,,,39%,49%,0%,0%
臺北市大安區法治里,1,,4,3,8,16,68.75%,31.25%,6%,81%,13%,0.00%,,89%,16%,34%,71%,0%
臺北市大安區住安里,1,,,3,12,16,75.00%,25.00%,0%,56%,44%,0.00%,,,16%,64%,54%,81%
臺北市大同區建功里,1,1,2,5,7,16,50.00%,50.00%,25%,69%,6%,0.00%,0%,43%,39%,27%,54%,1%
臺北市士林區德華里,1,1,1,5,8,16,93.75%,6.25%,0%,100%,0%,0.00%,0%,0%,39%,34%,34%,0%
臺北市士林區德行里,,,2,5,9,16,62.50%,37.50%,13%,81%,6%,,,43%,39%,42%,78%,0%
臺北市士林區天壽里,,,3,5,8,16,75.00%,25.00%,25%,75%,0%,,,73%,39%,34%,0%,1%
臺北市萬華區凌霄里,2,1,1,6,5,15,66.67%,33.33%,7%,53%,40%,70.00%,0%,0%,50%,14%,71%,0%
臺北市信義區松隆里,,,2,7,6,15,66.67%,33.33%,20%,73%,7%,,,43%,59%,20%,0%,0%
臺北市松山區敦化里,1,2,,6,6,15,60.00%,40.00%,7%,73%,20%,0.00%,50%,,50%,20%,0%,0%
臺北市松山區富錦里,,,2,2,11,15,60.00%,40.00%,0%,73%,27%,,,43%,7%,55%,0%,0%
臺北市北投區稻香里,1,,,6,8,15,80.00%,20.00%,0%,80%,20%,0.00%,,,50%,34%,34%,1%
臺北市北投區吉慶里,1,2,,4,8,15,60.00%,40.00%,0%,60%,40%,0.00%,50%,,30%,34%,0%,0%
臺北市文山區景仁里,2,,2,5,6,15,73.33%,20.00%,13%,67%,20%,70.00%,,43%,39%,20%,0%,0%
臺北市中正區新營里,1,1,,5,8,15,66.67%,33.33%,7%,80%,13%,0.00%,0%,,39%,34%,34%,63%
臺北市中正區頂東里,,2,1,5,7,15,66.67%,33.33%,20%,80%,0%,,50%,0%,39%,27%,34%,0%
臺北市中正區梅花里,,3,,4,8,15,86.67%,13.33%,13%,87%,0%,,79%,,30%,34%,0%,0%
臺北市中正區幸福里,,1,,5,9,15,60.00%,26.67%,13%,73%,13%,,0%,,39%,42%,0%,0%
臺北市中山區興亞里,,,,5,10,15,60.00%,40.00%,20%,67%,13%,,,,39%,49%,54%,1%
臺北市大安區德安里,,,,7,8,15,80.00%,20.00%,13%,80%,7%,,,,59%,34%,0%,0%
臺北市大安區建倫里,1,,2,3,9,15,73.33%,26.67%,0%,100%,0%,0.00%,,43%,16%,42%,0%,0%
臺北市大安區車層里,1,1,1,5,7,15,80.00%,20.00%,0%,93%,7%,0.00%,0%,0%,39%,27%,0%,1%
臺北市大同區建泰里,1,,1,7,6,15,73.33%,26.67%,13%,80%,7%,0.00%,,0%,59%,20%,0%,0%
臺北市士林區福林里,,,2,6,7,15,60.00%,40.00%,7%,67%,27%,,,43%,50%,27%,0%,0%
臺北市萬華區糖部里,,1,1,4,8,14,57.14%,42.86%,14%,71%,14%,,0%,0%,30%,34%,34%,0%
臺北市萬華區榮德里,,1,2,5,6,14,64.29%,35.71%,14%,50%,36%,,0%,43%,39%,20%,0%,0%
臺北市南港區新光里,,,1,3,10,14,64.29%,35.71%,7%,86%,7%,,,0%,16%,49%,0%,0%
臺北市信義區黎順里,1,,1,7,5,14,64.29%,35.71%,14%,79%,7%,0.00%,,0%,59%,14%,0%,0%
臺北市信義區松光里,2,3,1,4,4,14,64.29%,35.71%,7%,79%,14%,70.00%,79%,0%,30%,8%,0%,0%
臺北市松山區民有里,,3,,2,9,14,78.57%,21.43%,7%,71%,21%,,79%,,7%,42%,0%,0%
臺北市北投區尊賢里,1,1,2,5,5,14,78.57%,21.43%,21%,71%,7%,0.00%,0%,43%,39%,14%,0%,1%
臺北市文山區萬盛里,,3,,6,5,14,50.00%,50.00%,14%,71%,14%,,79%,,50%,14%,0%,0%
臺北市文山區政大里,1,1,,3,9,14,64.29%,35.71%,14%,57%,29%,0.00%,0%,,16%,42%,0%,0%
臺北市中正區網溪里,,,1,2,11,14,71.43%,21.43%,43%,57%,0%,,,0%,7%,55%,34%,0%
臺北市中正區文盛里,1,,1,6,6,14,85.71%,7.14%,0%,93%,7%,0.00%,,0%,50%,20%,0%,0%
臺北市中山區聚葉里,,,2,7,5,14,71.43%,28.57%,14%,79%,7%,,,43%,59%,14%,0%,0%
臺北市中山區恆安里,,,,4,10,14,50.00%,42.86%,7%,86%,7%,,,,30%,49%,0%,1%
臺北市大安區學府里,,,4,8,2,14,85.71%,14.29%,0%,93%,7%,,,89%,70%,2%,34%,0%
臺北市大同區景星里,,2,,9,3,14,92.86%,7.14%,0%,71%,29%,,50%,,76%,5%,78%,63%
臺北市大同區光能里,2,1,2,3,6,14,71.43%,28.57%,29%,64%,7%,70.00%,0%,43%,16%,20%,0%,0%
臺北市士林區臨溪里,,5,1,2,6,14,50.00%,50.00%,14%,71%,14%,,95%,0%,7%,20%,0%,1%
臺北市士林區百齡里,1,1,1,4,7,14,64.29%,35.71%,29%,57%,14%,0.00%,0%,0%,30%,27%,71%,1%
臺北市士林區天福里,,1,2,2,9,14,64.29%,35.71%,7%,79%,14%,,0%,43%,7%,42%,0%,0%
臺北市士林區三玉里,,,5,4,5,14,78.57%,21.43%,14%,64%,21%,,,94%,30%,14%,54%,0%
臺北市南港區重陽里,1,,2,2,8,13,76.92%,23.08%,0%,85%,15%,0.00%,,43%,7%,34%,91%,1%
臺北市松山區中崙里,1,,,4,8,13,92.31%,7.69%,8%,77%,15%,0.00%,,,30%,34%,0%,0%
臺北市中正區廈安里,1,,,4,8,13,61.54%,38.46%,8%,92%,0%,0.00%,,,30%,34%,34%,1%
臺北市中正區河堤里,,2,1,4,6,13,69.23%,30.77%,0%,85%,15%,,50%,0%,30%,20%,0%,0%
臺北市中山區朱崙里,,2,1,1,9,13,76.92%,23.08%,15%,69%,15%,,50%,0%,0%,42%,34%,1%
臺北市大安區龍陣里,,,2,2,9,13,53.85%,46.15%,23%,54%,23%,,,43%,7%,42%,0%,0%
臺北市大安區黎孝里,,,,3,10,13,61.54%,38.46%,15%,77%,8%,,,,16%,49%,0%,0%
臺北市大安區福住里,1,2,2,4,4,13,30.77%,61.54%,8%,69%,23%,0.00%,50%,43%,30%,8%,0%,0%
臺北市大安區敦煌里,,,,4,9,13,84.62%,15.38%,0%,92%,8%,,,,30%,42%,0%,0%
臺北市大同區揚雅里,,1,,5,7,13,69.23%,30.77%,0%,92%,8%,,0%,,39%,27%,0%,0%
臺北市萬華區新忠里,,1,3,2,6,12,75.00%,25.00%,33%,58%,8%,,0%,73%,7%,20%,34%,0%
臺北市萬華區西門里,,1,1,1,9,12,83.33%,16.67%,8%,58%,33%,,0%,0%,0%,42%,0%,0%
臺北市萬華區仁德里,,1,,5,6,12,66.67%,33.33%,25%,67%,8%,,0%,,39%,20%,0%,0%
臺北市松山區精忠里,1,,,4,7,12,50.00%,50.00%,0%,83%,17%,0.00%,,,30%,27%,0%,0%
臺北市北投區福興里,1,,1,4,6,12,75.00%,25.00%,8%,83%,8%,0.00%,,0%,30%,20%,54%,0%
臺北市北投區中和里,,1,1,3,7,12,58.33%,41.67%,17%,67%,17%,,0%,0%,16%,27%,0%,0%
臺北市內湖區明湖里,1,,1,4,6,12,91.67%,0.00%,8%,92%,0%,0.00%,,0%,30%,20%,34%,0%
臺北市內湖區秀湖里,,1,1,3,7,12,75.00%,25.00%,33%,50%,17%,,0%,0%,16%,27%,0%,0%
臺北市中正區螢雪里,,1,,2,9,12,66.67%,33.33%,25%,58%,17%,,0%,,7%,42%,34%,1%
臺北市中正區三愛里,2,,,6,4,12,58.33%,41.67%,0%,83%,17%,70.00%,,,50%,8%,0%,0%
臺北市中山區新生里,,1,1,3,7,12,75.00%,25.00%,8%,75%,17%,,0%,0%,16%,27%,0%,0%
臺北市中山區行政里,,1,3,1,7,12,83.33%,16.67%,0%,75%,25%,,0%,73%,0%,27%,34%,0%
臺北市中山區中吉里,,,1,6,5,12,66.67%,33.33%,17%,58%,25%,,,0%,50%,14%,0%,0%
臺北市大安區龍泉里,,2,,5,5,12,83.33%,16.67%,0%,75%,25%,,50%,,39%,14%,0%,0%
臺北市大安區虎嘯里,,5,1,3,3,12,50.00%,50.00%,0%,67%,33%,,95%,0%,16%,5%,0%,0%
臺北市大同區重慶里,,3,,,9,12,66.67%,33.33%,8%,42%,50%,,79%,,,42%,54%,1%
臺北市士林區東山里,,1,1,5,5,12,75.00%,25.00%,0%,92%,8%,,0%,0%,39%,14%,54%,0%
臺北市信義區黎安里,,,2,1,8,11,72.73%,27.27%,9%,73%,18%,,,43%,0%,34%,34%,0%
臺北市信義區西村里,1,2,1,1,6,11,63.64%,36.36%,9%,73%,18%,0.00%,50%,0%,0%,20%,34%,1%
臺北市松山區鵬程里,2,2,,1,6,11,54.55%,45.45%,18%,64%,18%,70.00%,50%,,0%,20%,0%,0%
臺北市松山區福成里,1,,,3,7,11,90.91%,9.09%,0%,73%,27%,0.00%,,,16%,27%,34%,0%
臺北市松山區復建里,,,2,5,4,11,63.64%,36.36%,0%,91%,9%,,,43%,39%,8%,0%,0%
臺北市松山區東勢里,,1,1,5,4,11,72.73%,27.27%,9%,82%,9%,,0%,0%,39%,8%,0%,0%
臺北市北投區東華里,1,1,,4,5,11,72.73%,27.27%,0%,82%,18%,0.00%,0%,,30%,14%,0%,0%
臺北市北投區秀山里,,1,1,5,4,11,72.73%,27.27%,0%,82%,18%,,0%,0%,39%,8%,86%,1%
臺北市北投區文林里,,,,3,8,11,63.64%,36.36%,18%,82%,0%,,,,16%,34%,0%,0%
臺北市文山區興泰里,,2,,3,6,11,63.64%,36.36%,0%,82%,18%,,50%,,16%,20%,0%,1%
臺北市文山區樟林里,,1,1,3,6,11,63.64%,36.36%,18%,73%,9%,,0%,0%,16%,20%,0%,0%
臺北市內湖區麗山里,1,,,3,7,11,63.64%,36.36%,18%,64%,18%,0.00%,,,16%,27%,0%,0%
臺北市內湖區南湖里,,1,1,4,5,11,81.82%,18.18%,18%,64%,18%,,0%,0%,30%,14%,0%,0%
臺北市內湖區大湖里,,,,2,9,11,63.64%,36.36%,0%,64%,36%,,,,7%,42%,0%,0%
臺北市中正區富水里,,,2,5,4,11,63.64%,36.36%,18%,73%,9%,,,43%,39%,8%,54%,63%
臺北市中正區光復里,,,1,3,7,11,45.45%,54.55%,0%,91%,9%,,,0%,16%,27%,0%,0%
臺北市中山區復華里,,,,5,6,11,90.91%,9.09%,27%,36%,36%,,,,39%,20%,0%,0%
臺北市中山區松江里,,1,,3,7,11,81.82%,18.18%,9%,64%,27%,,0%,,16%,27%,0%,0%
臺北市大安區龍門里,,1,1,4,5,11,81.82%,18.18%,18%,55%,27%,,0%,0%,30%,14%,0%,0%
臺北市大安區群英里,1,3,1,2,4,11,81.82%,18.18%,9%,36%,55%,0.00%,79%,0%,7%,8%,34%,0%
臺北市大安區昌隆里,,1,,3,7,11,81.82%,18.18%,9%,73%,18%,,0%,,16%,27%,0%,0%
臺北市士林區福德里,,,,3,8,11,72.73%,27.27%,18%,64%,18%,,,,16%,34%,0%,1%
臺北市士林區義信里,,1,1,3,6,11,72.73%,27.27%,0%,100%,0%,,0%,0%,16%,20%,34%,0%
臺北市士林區承德里,1,1,3,2,4,11,54.55%,45.45%,0%,82%,18%,0.00%,0%,73%,7%,8%,0%,0%
臺北市士林區仁勇里,3,,,2,6,11,45.45%,54.55%,27%,64%,9%,87.00%,,,7%,20%,0%,0%
臺北市南港區鴻福里,,,3,2,5,10,50.00%,40.00%,0%,100%,0%,,,73%,7%,14%,0%,0%
臺北市信義區永吉里,1,,,3,6,10,70.00%,30.00%,0%,80%,20%,0.00%,,,16%,20%,0%,0%
臺北市信義區中興里,,,,3,7,10,90.00%,10.00%,10%,70%,20%,,,,16%,27%,0%,0%
臺北市北投區建民里,,,2,2,6,10,90.00%,10.00%,20%,40%,40%,,,43%,7%,20%,54%,0%
臺北市北投區永明里,1,1,1,3,4,10,80.00%,20.00%,0%,70%,30%,0.00%,0%,0%,16%,8%,0%,0%
臺北市內湖區內溝里,1,3,,4,2,10,70.00%,20.00%,30%,70%,0%,0.00%,79%,,30%,2%,0%,0%
臺北市中正區龍光里,,,,2,8,10,80.00%,20.00%,10%,80%,10%,,,,7%,34%,34%,0%
臺北市中正區永昌里,,1,,6,3,10,80.00%,20.00%,20%,70%,10%,,0%,,50%,5%,34%,0%
臺北市大安區錦泰里,,2,1,1,6,10,70.00%,30.00%,10%,80%,10%,,50%,0%,0%,20%,0%,0%
臺北市大安區正聲里,,1,1,3,5,10,90.00%,10.00%,10%,80%,10%,,0%,0%,16%,14%,0%,0%
臺北市大安區古莊里,,1,,2,7,10,70.00%,30.00%,0%,100%,0%,,0%,,7%,27%,0%,0%
臺北市松山區美仁里,,,1,,8,9,55.56%,44.44%,33%,67%,0%,,,0%,,34%,0%,0%
臺北市北投區泉源里,,,,7,2,9,66.67%,33.33%,0%,67%,33%,,,,59%,2%,0%,0%
臺北市北投區立賢里,2,,1,3,3,9,88.89%,11.11%,0%,89%,11%,70.00%,,0%,16%,5%,0%,0%
臺北市文山區萬年里,2,,,3,4,9,77.78%,22.22%,11%,67%,22%,70.00%,,,16%,8%,0%,0%
臺北市中正區龍福里,2,1,1,1,4,9,33.33%,66.67%,11%,56%,33%,70.00%,0%,0%,0%,8%,0%,0%
臺北市中正區東門里,,,,4,5,9,44.44%,55.56%,11%,78%,11%,,,,30%,14%,0%,0%
臺北市中正區幸市里,,,,2,7,9,88.89%,11.11%,11%,78%,11%,,,,7%,27%,0%,0%
臺北市中山區埤頭里,1,,3,2,3,9,66.67%,33.33%,11%,67%,22%,0.00%,,73%,7%,5%,0%,0%
臺北市中山區力行里,1,1,,6,1,9,77.78%,22.22%,0%,100%,0%,0.00%,0%,,50%,0%,0%,0%
臺北市大安區龍雲里,1,,,4,4,9,66.67%,33.33%,22%,56%,22%,0.00%,,,30%,8%,0%,0%
臺北市大安區龍坡里,,1,,4,4,9,55.56%,44.44%,0%,89%,11%,,0%,,30%,8%,0%,0%
臺北市大安區古風里,,,1,2,6,9,55.56%,44.44%,22%,78%,0%,,,0%,7%,20%,0%,0%
臺北市大安區仁慈里,,2,1,1,5,9,88.89%,11.11%,11%,67%,22%,,50%,0%,0%,14%,0%,1%
臺北市士林區永福里,,1,1,5,2,9,77.78%,22.22%,0%,100%,0%,,0%,0%,39%,2%,0%,1%
臺北市萬華區福音里,,1,1,1,5,8,62.50%,37.50%,0%,75%,25%,,0%,0%,0%,14%,0%,0%
臺北市信義區四維里,,4,2,,2,8,37.50%,62.50%,0%,88%,13%,,91%,43%,,2%,0%,1%
臺北市信義區六藝里,,2,1,1,4,8,75.00%,25.00%,13%,63%,25%,,50%,0%,0%,8%,0%,0%
臺北市松山區松基里,1,,2,1,4,8,87.50%,12.50%,0%,75%,25%,0.00%,,43%,0%,8%,0%,0%
臺北市松山區中華里,,1,,4,3,8,62.50%,25.00%,13%,50%,38%,,0%,,30%,5%,0%,0%
臺北市北投區豐年里,,1,,1,6,8,87.50%,12.50%,0%,75%,25%,,0%,,0%,20%,71%,1%
臺北市北投區吉利里,1,1,,3,3,8,75.00%,25.00%,25%,75%,0%,0.00%,0%,,16%,5%,0%,0%
臺北市北投區石牌里,,,,3,5,8,87.50%,12.50%,0%,88%,13%,,,,16%,14%,34%,0%
臺北市北投區文化里,,,,2,6,8,87.50%,12.50%,0%,75%,25%,,,,7%,20%,0%,0%
臺北市文山區萬和里,,2,,,6,8,62.50%,37.50%,13%,63%,25%,,50%,,,20%,0%,0%
臺北市中正區愛國里,,1,1,2,4,8,75.00%,25.00%,13%,75%,13%,,0%,0%,7%,8%,0%,0%
臺北市中山區龍洲里,,,,4,4,8,62.50%,25.00%,13%,75%,13%,,,,30%,8%,0%,1%
臺北市中山區正守里,1,,,2,5,8,87.50%,12.50%,0%,75%,25%,0.00%,,,7%,14%,0%,0%
臺北市中山區北安里,,,2,5,1,8,87.50%,12.50%,0%,75%,25%,,,43%,39%,0%,0%,0%
臺北市大安區華聲里,,,,3,5,8,87.50%,12.50%,0%,63%,38%,,,,16%,14%,0%,0%
臺北市士林區翠山里,,2,,2,4,8,37.50%,62.50%,25%,25%,50%,,50%,,7%,8%,0%,0%
臺北市士林區岩山里,,,,3,5,8,100.00%,0.00%,0%,100%,0%,,,,16%,14%,0%,0%
臺北市信義區興隆里,,,,3,4,7,71.43%,28.57%,0%,86%,14%,,,,16%,8%,0%,0%
臺北市信義區嘉興里,,1,,2,4,7,71.43%,28.57%,14%,86%,0%,,0%,,7%,8%,0%,0%
臺北市松山區復源里,,,2,,5,7,71.43%,28.57%,29%,57%,14%,,,43%,,14%,0%,0%
臺北市文山區景美里,,1,1,2,3,7,71.43%,28.57%,0%,57%,43%,,0%,0%,7%,5%,0%,0%
臺北市中正區龍興里,,2,,1,4,7,85.71%,14.29%,0%,71%,29%,,50%,,0%,8%,0%,0%
臺北市中正區建國里,,,2,1,4,7,57.14%,42.86%,14%,57%,29%,,,43%,0%,8%,0%,0%
臺北市大安區龍安里,1,1,,2,3,7,85.71%,14.29%,0%,86%,14%,0.00%,0%,,7%,5%,0%,0%
臺北市士林區陽明里,1,1,,1,4,7,71.43%,28.57%,0%,71%,29%,0.00%,0%,,0%,8%,0%,0%
臺北市士林區公館里,,,,3,4,7,57.14%,42.86%,0%,71%,29%,,,,16%,8%,0%,0%
臺北市南港區萬福里,,,,4,2,6,66.67%,33.33%,0%,100%,0%,,,,30%,2%,0%,0%
臺北市內湖區蘆洲里,,1,,2,3,6,66.67%,33.33%,0%,100%,0%,,0%,,7%,5%,0%,0%
臺北市中正區水源里,,,,1,5,6,33.33%,66.67%,0%,83%,17%,,,,0%,14%,0%,0%
臺北市萬華區騰雲里,1,,,2,2,5,40.00%,60.00%,20%,60%,20%,0.00%,,,7%,2%,0%,0%
臺北市萬華區保德里,,,,3,2,5,20.00%,80.00%,0%,100%,0%,,,,16%,2%,34%,1%
臺北市文山區萬有里,,,1,1,3,5,40.00%,60.00%,20%,60%,20%,,,0%,0%,5%,0%,0%
臺北市文山區老泉里,,,1,1,3,5,80.00%,20.00%,0%,100%,0%,,,0%,0%,5%,54%,0%
臺北市內湖區西安里,,,,3,2,5,80.00%,20.00%,0%,100%,0%,,,,16%,2%,0%,0%
臺北市中正區黎明里,,,,2,3,5,80.00%,20.00%,20%,80%,0%,,,,7%,5%,0%,0%
臺北市大安區錦華里,,,1,,4,5,80.00%,20.00%,0%,100%,0%,,,0%,,8%,0%,0%
臺北市北投區洲美里,,,,1,3,4,75.00%,25.00%,25%,75%,0%,,,,0%,5%,0%,1%
臺北市大安區永康里,,,1,,3,4,50.00%,50.00%,0%,50%,50%,,,0%,,5%,0%,0%
臺北市士林區溪山里,,,,2,2,4,75.00%,25.00%,25%,75%,0%,,,,7%,2%,0%,1%
臺北市大安區錦安里,,,,,3,3,66.67%,33.33%,0%,100%,0%,,,,,5%,0%,0%
臺北市松山區東昌里,,1,,,1,2,100.00%,0.00%,0%,100%,0%,,0%,,,0%,0%,0%
臺北市北投區湖田里,,,,2,,2,100.00%,0.00%,0%,100%,0%,,,,7%,,0%,0%
臺北市北投區大屯里,,,2,,,2,0.00%,100.00%,0%,100%,0%,,,43%,,,34%,0%
臺北市中正區南門里,,,,1,1,2,0.00%,100.00%,100%,0%,0%,,,,0%,0%,0%,0%
臺北市大安區敦安里,,,,1,1,2,50.00%,50.00%,0%,50%,50%,,,,0%,0%,0%,0%
臺北市大安區臥龍里,,,,2,,2,50.00%,50.00%,0%,50%,50%,,,,7%,,0%,0%
臺北市士林區新安里,,,,,2,2,100.00%,0.00%,0%,100%,0%,,,,,2%,0%,0%
臺北市士林區菁山里,,,,1,1,2,50.00%,0.00%,0%,100%,0%,,,,0%,0%,0%,0%
臺北市士林區平等里,,,,,2,2,0.00%,100.00%,0%,100%,0%,,,,,2%,0%,0%
臺北市信義區新仁里,,,,,1,1,100.00%,0.00%,0%,100%,0%,,,,,0%,0%,0%
臺北市中山區大佳里,1,,,,,1,100.00%,0.00%,0%,100%,0%,0.00%,,,,,0%,0%
臺北市大安區光明里,,,,,1,1,100.00%,0.00%,0%,100%,0%,,,,,0%,0%,0%
全部,,,,,,,,,,,,,,,,,,
,,,,,,,,,,,,,,,,,,
里,兄弟姊妹間暴力,老人保護,兒少保護,其他家虐,親密關係,各里總案件數,女,男,小於18歲,18到65歲,大於65歲,,,,,,低收,障礙